country,year,value,indicator_key
AO,2024,28.2404948915773,inflation_cpi
AO,2023,13.6441017767715,inflation_cpi
AO,2022,21.3552901320822,inflation_cpi
AO,2021,25.7542948841891,inflation_cpi
AO,2020,22.271539247051,inflation_cpi
AO,2019,17.080954143438,inflation_cpi
AO,2018,19.6289379701521,inflation_cpi
AO,2017,29.8444799015679,inflation_cpi
AO,2016,30.6944150806719,inflation_cpi
AO,2015,9.35597215533781,inflation_cpi
AO,2014,7.2803873036112,inflation_cpi
AO,2013,8.77781429332625,inflation_cpi
AO,2012,10.2779049218839,inflation_cpi
AO,2011,13.4824679218511,inflation_cpi
AO,2010,14.4696564932577,inflation_cpi
AO,2009,13.7302839288409,inflation_cpi
AO,2008,12.4758291326398,inflation_cpi
AO,2007,12.2514974459487,inflation_cpi
AO,2006,13.3052101780032,inflation_cpi
AO,2005,22.953513851394,inflation_cpi
AO,2004,43.5421067519687,inflation_cpi
AO,2003,98.2241436573304,inflation_cpi
AO,2002,,inflation_cpi
AO,2001,,inflation_cpi
AO,2000,,inflation_cpi
BI,2024,20.2124925027847,inflation_cpi
BI,2023,26.9414835762453,inflation_cpi
BI,2022,18.8008786664945,inflation_cpi
BI,2021,8.40453845076341,inflation_cpi
BI,2020,7.32110643415518,inflation_cpi
BI,2019,-0.686772170797372,inflation_cpi
BI,2018,-2.81469807668464,inflation_cpi
BI,2017,16.0525353030392,inflation_cpi
BI,2016,5.55768961400966,inflation_cpi
BI,2015,5.54468891259784,inflation_cpi
BI,2014,4.40535234185288,inflation_cpi
BI,2013,7.93795807492418,inflation_cpi
BI,2012,18.1610453065451,inflation_cpi
BI,2011,9.59216605979671,inflation_cpi
BI,2010,6.49326591473995,inflation_cpi
BI,2009,10.5554355299529,inflation_cpi
BI,2008,24.4069510353914,inflation_cpi
BI,2007,8.41206285772544,inflation_cpi
BI,2006,2.74542000214241,inflation_cpi
BI,2005,13.2520699188224,inflation_cpi
BI,2004,8.17642937482054,inflation_cpi
BI,2003,10.6474645658306,inflation_cpi
BI,2002,-1.3656800532806,inflation_cpi
BI,2001,9.29618771341889,inflation_cpi
BI,2000,24.4320242102151,inflation_cpi
BJ,2024,1.16093089640415,inflation_cpi
BJ,2023,2.73870078406076,inflation_cpi
BJ,2022,1.35077863583529,inflation_cpi
BJ,2021,1.73353962694033,inflation_cpi
BJ,2020,3.02272119663757,inflation_cpi
BJ,2019,0.732849371241047,inflation_cpi
BJ,2018,0.919170717886098,inflation_cpi
BJ,2017,0.0432648555103161,inflation_cpi
BJ,2016,-0.79331014578558,inflation_cpi
BJ,2015,0.218785923536209,inflation_cpi
BJ,2014,-0.548757550948178,inflation_cpi
BJ,2013,0.428888888888905,inflation_cpi
BJ,2012,6.74468253340713,inflation_cpi
BJ,2011,2.70423907747279,inflation_cpi
BJ,2010,2.20783532536524,inflation_cpi
BJ,2009,0.896072355749065,inflation_cpi
BJ,2008,,inflation_cpi
BJ,2007,,inflation_cpi
BJ,2006,,inflation_cpi
BJ,2005,,inflation_cpi
BJ,2004,,inflation_cpi
BJ,2003,,inflation_cpi
BJ,2002,,inflation_cpi
BJ,2001,,inflation_cpi
BJ,2000,,inflation_cpi
BF,2024,4.19081721344524,inflation_cpi
BF,2023,,inflation_cpi
BF,2022,,inflation_cpi
BF,2021,3.65326761825511,inflation_cpi
BF,2020,1.88470066518848,inflation_cpi
BF,2019,-3.23338933983324,inflation_cpi
BF,2018,1.95594302672532,inflation_cpi
BF,2017,1.48299897161327,inflation_cpi
BF,2016,0.441041448058777,inflation_cpi
BF,2015,0.7248389810706,inflation_cpi
BF,2014,-0.25808951753536,inflation_cpi
BF,2013,0.533738507090531,inflation_cpi
BF,2012,3.81815240252386,inflation_cpi
BF,2011,2.75976724854531,inflation_cpi
BF,2010,,inflation_cpi
BF,2009,,inflation_cpi
BF,2008,,inflation_cpi
BF,2007,,inflation_cpi
BF,2006,,inflation_cpi
BF,2005,,inflation_cpi
BF,2004,,inflation_cpi
BF,2003,,inflation_cpi
BF,2002,,inflation_cpi
BF,2001,,inflation_cpi
BF,2000,,inflation_cpi
BW,2024,2.8183513167625,inflation_cpi
BW,2023,5.06761549343829,inflation_cpi
BW,2022,11.665567478802,inflation_cpi
BW,2021,7.24097765588445,inflation_cpi
BW,2020,1.8903591682421,inflation_cpi
BW,2019,2.77286442863323,inflation_cpi
BW,2018,3.23801558947711,inflation_cpi
BW,2017,3.3082807676822,inflation_cpi
BW,2016,2.81495791361944,inflation_cpi
BW,2015,3.06203169580557,inflation_cpi
BW,2014,4.4022530924343,inflation_cpi
BW,2013,5.88460707056817,inflation_cpi
BW,2012,7.53690261091912,inflation_cpi
BW,2011,8.45987233408586,inflation_cpi
BW,2010,,inflation_cpi
BW,2009,,inflation_cpi
BW,2008,,inflation_cpi
BW,2007,,inflation_cpi
BW,2006,,inflation_cpi
BW,2005,,inflation_cpi
BW,2004,,inflation_cpi
BW,2003,,inflation_cpi
BW,2002,,inflation_cpi
BW,2001,,inflation_cpi
BW,2000,,inflation_cpi
CF,2024,1.47733600718747,inflation_cpi
CF,2023,2.97913852618937,inflation_cpi
CF,2022,5.58316735183248,inflation_cpi
CF,2021,4.25936417542868,inflation_cpi
CF,2020,1.71015659523154,inflation_cpi
CF,2019,2.68537355266785,inflation_cpi
CF,2018,1.61215686991552,inflation_cpi
CF,2017,4.1807233187127,inflation_cpi
CF,2016,4.94543276106514,inflation_cpi
CF,2015,1.40297017136817,inflation_cpi
CF,2014,14.898684179755,inflation_cpi
CF,2013,6.98879341970198,inflation_cpi
CF,2012,5.47829594346121,inflation_cpi
CF,2011,1.19447572449848,inflation_cpi
CF,2010,1.49102370047805,inflation_cpi
CF,2009,3.52126227238642,inflation_cpi
CF,2008,9.25895099417076,inflation_cpi
CF,2007,0.959917619457111,inflation_cpi
CF,2006,,inflation_cpi
CF,2005,,inflation_cpi
CF,2004,,inflation_cpi
CF,2003,,inflation_cpi
CF,2002,,inflation_cpi
CF,2001,,inflation_cpi
CF,2000,,inflation_cpi
CI,2024,3.46637314660163,inflation_cpi
CI,2023,4.38711707003282,inflation_cpi
CI,2022,5.27616724262842,inflation_cpi
CI,2021,4.09195189692865,inflation_cpi
CI,2020,2.42500656821817,inflation_cpi
CI,2019,-1.10686343994195,inflation_cpi
CI,2018,0.3594090313807,inflation_cpi
CI,2017,0.685881065304602,inflation_cpi
CI,2016,0.723178457513241,inflation_cpi
CI,2015,1.25149954781475,inflation_cpi
CI,2014,0.44868207676616,inflation_cpi
CI,2013,2.58117037252936,inflation_cpi
CI,2012,1.30451119915597,inflation_cpi
CI,2011,4.91243395052459,inflation_cpi
CI,2010,1.22645612135478,inflation_cpi
CI,2009,1.01950457731134,inflation_cpi
CI,2008,6.30852769152581,inflation_cpi
CI,2007,1.89200629349596,inflation_cpi
CI,2006,2.46719148596918,inflation_cpi
CI,2005,3.88583039886477,inflation_cpi
CI,2004,1.45798835600739,inflation_cpi
CI,2003,3.29680746974212,inflation_cpi
CI,2002,3.0772648515743,inflation_cpi
CI,2001,4.36152914007261,inflation_cpi
CI,2000,2.53077516737988,inflation_cpi
CM,2024,4.53061267315864,inflation_cpi
CM,2023,7.38281384280978,inflation_cpi
CM,2022,6.24767713343864,inflation_cpi
CM,2021,2.27185762503636,inflation_cpi
CM,2020,2.43760882182241,inflation_cpi
CM,2019,2.45280214062729,inflation_cpi
CM,2018,1.0688581131292,inflation_cpi
CM,2017,0.640409149881966,inflation_cpi
CM,2016,0.874190383288837,inflation_cpi
CM,2015,2.67623531419901,inflation_cpi
CM,2014,1.85489850366779,inflation_cpi
CM,2013,2.05034718001742,inflation_cpi
CM,2012,2.73529677529534,inflation_cpi
CM,2011,2.93969946305093,inflation_cpi
CM,2010,,inflation_cpi
CM,2009,,inflation_cpi
CM,2008,,inflation_cpi
CM,2007,,inflation_cpi
CM,2006,,inflation_cpi
CM,2005,,inflation_cpi
CM,2004,,inflation_cpi
CM,2003,,inflation_cpi
CM,2002,,inflation_cpi
CM,2001,,inflation_cpi
CM,2000,,inflation_cpi
CD,2024,,inflation_cpi
CD,2023,,inflation_cpi
CD,2022,,inflation_cpi
CD,2021,,inflation_cpi
CD,2020,,inflation_cpi
CD,2019,,inflation_cpi
CD,2018,,inflation_cpi
CD,2017,,inflation_cpi
CD,2016,2.88585107290007,inflation_cpi
CD,2015,0.744198994781517,inflation_cpi
CD,2014,1.24303889760764,inflation_cpi
CD,2013,0.808223101487066,inflation_cpi
CD,2012,,inflation_cpi
CD,2011,,inflation_cpi
CD,2010,,inflation_cpi
CD,2009,,inflation_cpi
CD,2008,,inflation_cpi
CD,2007,,inflation_cpi
CD,2006,,inflation_cpi
CD,2005,,inflation_cpi
CD,2004,,inflation_cpi
CD,2003,,inflation_cpi
CD,2002,,inflation_cpi
CD,2001,,inflation_cpi
CD,2000,,inflation_cpi
CG,2024,3.09143630919163,inflation_cpi
CG,2023,4.30174563591022,inflation_cpi
CG,2022,3.04344334698473,inflation_cpi
CG,2021,1.71564275451261,inflation_cpi
CG,2020,1.79537147083111,inflation_cpi
CG,2019,2.20607305781522,inflation_cpi
CG,2018,1.15277896375524,inflation_cpi
CG,2017,0.450063823285532,inflation_cpi
CG,2016,3.19056179723774,inflation_cpi
CG,2015,3.16909796750827,inflation_cpi
CG,2014,0.912139545450162,inflation_cpi
CG,2013,4.63161619729462,inflation_cpi
CG,2012,5.01018773134469,inflation_cpi
CG,2011,1.75958704273801,inflation_cpi
CG,2010,0.391525011227614,inflation_cpi
CG,2009,4.41500374795223,inflation_cpi
CG,2008,4.95875092023152,inflation_cpi
CG,2007,2.65464645060703,inflation_cpi
CG,2006,,inflation_cpi
CG,2005,,inflation_cpi
CG,2004,,inflation_cpi
CG,2003,,inflation_cpi
CG,2002,,inflation_cpi
CG,2001,,inflation_cpi
CG,2000,,inflation_cpi
KM,2024,,inflation_cpi
KM,2023,,inflation_cpi
KM,2022,,inflation_cpi
KM,2021,,inflation_cpi
KM,2020,,inflation_cpi
KM,2019,,inflation_cpi
KM,2018,,inflation_cpi
KM,2017,,inflation_cpi
KM,2016,,inflation_cpi
KM,2015,,inflation_cpi
KM,2014,,inflation_cpi
KM,2013,-4.29487331536753,inflation_cpi
KM,2012,6.31474450315182,inflation_cpi
KM,2011,1.84266300756185,inflation_cpi
KM,2010,,inflation_cpi
KM,2009,,inflation_cpi
KM,2008,,inflation_cpi
KM,2007,,inflation_cpi
KM,2006,,inflation_cpi
KM,2005,,inflation_cpi
KM,2004,,inflation_cpi
KM,2003,,inflation_cpi
KM,2002,,inflation_cpi
KM,2001,,inflation_cpi
KM,2000,,inflation_cpi
CV,2024,1.04817001091962,inflation_cpi
CV,2023,3.72437517668746,inflation_cpi
CV,2022,7.9309292543009,inflation_cpi
CV,2021,1.86215297494641,inflation_cpi
CV,2020,0.605795808395438,inflation_cpi
CV,2019,1.10666674296062,inflation_cpi
CV,2018,1.25699566690508,inflation_cpi
CV,2017,0.784415251101357,inflation_cpi
CV,2016,-1.40781637091705,inflation_cpi
CV,2015,0.131187999024519,inflation_cpi
CV,2014,-0.238778144990621,inflation_cpi
CV,2013,1.50654285701401,inflation_cpi
CV,2012,2.54039644167108,inflation_cpi
CV,2011,4.47388342165028,inflation_cpi
CV,2010,2.07866470906424,inflation_cpi
CV,2009,0.991103480568084,inflation_cpi
CV,2008,6.77443546371143,inflation_cpi
CV,2007,4.41099704193489,inflation_cpi
CV,2006,,inflation_cpi
CV,2005,,inflation_cpi
CV,2004,,inflation_cpi
CV,2003,,inflation_cpi
CV,2002,,inflation_cpi
CV,2001,,inflation_cpi
CV,2000,,inflation_cpi
ER,2024,,inflation_cpi
ER,2023,,inflation_cpi
ER,2022,,inflation_cpi
ER,2021,,inflation_cpi
ER,2020,,inflation_cpi
ER,2019,,inflation_cpi
ER,2018,,inflation_cpi
ER,2017,,inflation_cpi
ER,2016,,inflation_cpi
ER,2015,,inflation_cpi
ER,2014,,inflation_cpi
ER,2013,,inflation_cpi
ER,2012,,inflation_cpi
ER,2011,,inflation_cpi
ER,2010,,inflation_cpi
ER,2009,,inflation_cpi
ER,2008,,inflation_cpi
ER,2007,,inflation_cpi
ER,2006,,inflation_cpi
ER,2005,,inflation_cpi
ER,2004,,inflation_cpi
ER,2003,,inflation_cpi
ER,2002,,inflation_cpi
ER,2001,,inflation_cpi
ER,2000,,inflation_cpi
ET,2024,21.0377460577711,inflation_cpi
ET,2023,30.2188278135278,inflation_cpi
ET,2022,33.8898797100898,inflation_cpi
ET,2021,26.8395221557722,inflation_cpi
ET,2020,20.3563468559061,inflation_cpi
ET,2019,15.8096321719344,inflation_cpi
ET,2018,13.8330356586661,inflation_cpi
ET,2017,10.6871150284238,inflation_cpi
ET,2016,6.62813337230927,inflation_cpi
ET,2015,9.56889955968623,inflation_cpi
ET,2014,6.89001951597188,inflation_cpi
ET,2013,7.46402192944522,inflation_cpi
ET,2012,23.600417677317,inflation_cpi
ET,2011,33.2499598823345,inflation_cpi
ET,2010,8.14926402965083,inflation_cpi
ET,2009,8.48364404530282,inflation_cpi
ET,2008,44.3566858766952,inflation_cpi
ET,2007,17.2404008340898,inflation_cpi
ET,2006,12.2994763114825,inflation_cpi
ET,2005,9.96997123512892,inflation_cpi
ET,2004,3.32737047894846,inflation_cpi
ET,2003,13.6740452028272,inflation_cpi
ET,2002,0.675089102170791,inflation_cpi
ET,2001,,inflation_cpi
ET,2000,,inflation_cpi
GA,2024,1.17311998381216,inflation_cpi
GA,2023,3.62901534185377,inflation_cpi
GA,2022,4.23124798274575,inflation_cpi
GA,2021,1.08690746519409,inflation_cpi
GA,2020,1.35276110675338,inflation_cpi
GA,2019,2.46456756151188,inflation_cpi
GA,2018,4.74906652083221,inflation_cpi
GA,2017,2.65192583143897,inflation_cpi
GA,2016,2.10670712784051,inflation_cpi
GA,2015,-0.338795188753388,inflation_cpi
GA,2014,4.69045751826286,inflation_cpi
GA,2013,0.505441058915667,inflation_cpi
GA,2012,2.65241828695621,inflation_cpi
GA,2011,1.26331707837422,inflation_cpi
GA,2010,,inflation_cpi
GA,2009,,inflation_cpi
GA,2008,,inflation_cpi
GA,2007,,inflation_cpi
GA,2006,,inflation_cpi
GA,2005,,inflation_cpi
GA,2004,,inflation_cpi
GA,2003,,inflation_cpi
GA,2002,,inflation_cpi
GA,2001,,inflation_cpi
GA,2000,,inflation_cpi
GH,2024,22.8483281157842,inflation_cpi
GH,2023,38.1069656296501,inflation_cpi
GH,2022,31.2558951049016,inflation_cpi
GH,2021,9.97108867504442,inflation_cpi
GH,2020,9.88728956269943,inflation_cpi
GH,2019,7.14364003330856,inflation_cpi
GH,2018,7.80876516610703,inflation_cpi
GH,2017,12.3719215507049,inflation_cpi
GH,2016,17.4546347070868,inflation_cpi
GH,2015,17.1499695007878,inflation_cpi
GH,2014,15.4896160333319,inflation_cpi
GH,2013,11.6661923071728,inflation_cpi
GH,2012,11.1863409441067,inflation_cpi
GH,2011,8.72845937093023,inflation_cpi
GH,2010,10.7333898354915,inflation_cpi
GH,2009,19.2469482220857,inflation_cpi
GH,2008,16.494639613412,inflation_cpi
GH,2007,10.7342665456292,inflation_cpi
GH,2006,11.6791839392492,inflation_cpi
GH,2005,15.4389920155908,inflation_cpi
GH,2004,18.0427388232565,inflation_cpi
GH,2003,29.7729797160384,inflation_cpi
GH,2002,9.36093239560312,inflation_cpi
GH,2001,41.509496287803,inflation_cpi
GH,2000,40.240933123914,inflation_cpi
GN,2024,8.12313914948598,inflation_cpi
GN,2023,7.80497591927974,inflation_cpi
GN,2022,10.4930409984424,inflation_cpi
GN,2021,12.5972882566934,inflation_cpi
GN,2020,10.6016203387167,inflation_cpi
GN,2019,9.4700103925301,inflation_cpi
GN,2018,9.82761701259194,inflation_cpi
GN,2017,8.91435947913094,inflation_cpi
GN,2016,8.17268112275132,inflation_cpi
GN,2015,11.7800825029834,inflation_cpi
GN,2014,6.15050556706421,inflation_cpi
GN,2013,11.8875884481828,inflation_cpi
GN,2012,15.2262941038638,inflation_cpi
GN,2011,21.3169268542577,inflation_cpi
GN,2010,15.0502688559001,inflation_cpi
GN,2009,4.68438868976505,inflation_cpi
GN,2008,23.065612938798,inflation_cpi
GN,2007,18.1755656108597,inflation_cpi
GN,2006,,inflation_cpi
GN,2005,,inflation_cpi
GN,2004,,inflation_cpi
GN,2003,,inflation_cpi
GN,2002,,inflation_cpi
GN,2001,,inflation_cpi
GN,2000,,inflation_cpi
GM,2024,11.5610532897511,inflation_cpi
GM,2023,16.9742129632327,inflation_cpi
GM,2022,11.5131198380505,inflation_cpi
GM,2021,7.37034758876617,inflation_cpi
GM,2020,5.93127636562442,inflation_cpi
GM,2019,7.11567625631189,inflation_cpi
GM,2018,6.52096823946574,inflation_cpi
GM,2017,8.03418974545908,inflation_cpi
GM,2016,7.22879272057924,inflation_cpi
GM,2015,6.80845494579614,inflation_cpi
GM,2014,5.94799935696618,inflation_cpi
GM,2013,5.69912989637384,inflation_cpi
GM,2012,4.25432199813901,inflation_cpi
GM,2011,4.79588266183109,inflation_cpi
GM,2010,5.04968075857403,inflation_cpi
GM,2009,4.56150687670983,inflation_cpi
GM,2008,4.4436549094501,inflation_cpi
GM,2007,5.36913473801957,inflation_cpi
GM,2006,2.0565034236599,inflation_cpi
GM,2005,,inflation_cpi
GM,2004,,inflation_cpi
GM,2003,,inflation_cpi
GM,2002,,inflation_cpi
GM,2001,,inflation_cpi
GM,2000,,inflation_cpi
GW,2024,3.76555825770116,inflation_cpi
GW,2023,7.10220928557054,inflation_cpi
GW,2022,9.39075933985203,inflation_cpi
GW,2021,2.24248879577664,inflation_cpi
GW,2020,1.14000939393216,inflation_cpi
GW,2019,0.246600268147865,inflation_cpi
GW,2018,0.38132470279102,inflation_cpi
GW,2017,1.69111461822294,inflation_cpi
GW,2016,1.50312055861089,inflation_cpi
GW,2015,1.47672048910486,inflation_cpi
GW,2014,-1.509244605705,inflation_cpi
GW,2013,1.20712555668413,inflation_cpi
GW,2012,2.13054580274496,inflation_cpi
GW,2011,5.04610226320201,inflation_cpi
GW,2010,,inflation_cpi
GW,2009,,inflation_cpi
GW,2008,,inflation_cpi
GW,2007,,inflation_cpi
GW,2006,,inflation_cpi
GW,2005,,inflation_cpi
GW,2004,,inflation_cpi
GW,2003,,inflation_cpi
GW,2002,,inflation_cpi
GW,2001,,inflation_cpi
GW,2000,,inflation_cpi
GQ,2024,2.92140227309108,inflation_cpi
GQ,2023,2.85949506037317,inflation_cpi
GQ,2022,4.78671704710806,inflation_cpi
GQ,2021,-0.0971007664640153,inflation_cpi
GQ,2020,4.76669523944226,inflation_cpi
GQ,2019,1.53027528964192,inflation_cpi
GQ,2018,1.06007410662165,inflation_cpi
GQ,2017,0.744354746612477,inflation_cpi
GQ,2016,1.4119391547901,inflation_cpi
GQ,2015,1.67663085315991,inflation_cpi
GQ,2014,4.30999866149104,inflation_cpi
GQ,2013,2.94887694639661,inflation_cpi
GQ,2012,3.65662048278811,inflation_cpi
GQ,2011,4.80538922155698,inflation_cpi
GQ,2010,,inflation_cpi
GQ,2009,,inflation_cpi
GQ,2008,,inflation_cpi
GQ,2007,,inflation_cpi
GQ,2006,,inflation_cpi
GQ,2005,,inflation_cpi
GQ,2004,,inflation_cpi
GQ,2003,,inflation_cpi
GQ,2002,,inflation_cpi
GQ,2001,,inflation_cpi
GQ,2000,,inflation_cpi
KE,2024,4.48978854243448,inflation_cpi
KE,2023,7.67139634029401,inflation_cpi
KE,2022,7.65986268272222,inflation_cpi
KE,2021,6.10793603659178,inflation_cpi
KE,2020,5.40516207933395,inflation_cpi
KE,2019,5.23963795764789,inflation_cpi
KE,2018,4.68980646776328,inflation_cpi
KE,2017,8.00564967709946,inflation_cpi
KE,2016,6.29724953814624,inflation_cpi
KE,2015,6.58215429284783,inflation_cpi
KE,2014,6.87815499275944,inflation_cpi
KE,2013,5.71749357037735,inflation_cpi
KE,2012,9.37777003547595,inflation_cpi
KE,2011,14.0224913014704,inflation_cpi
KE,2010,,inflation_cpi
KE,2009,,inflation_cpi
KE,2008,,inflation_cpi
KE,2007,,inflation_cpi
KE,2006,,inflation_cpi
KE,2005,,inflation_cpi
KE,2004,,inflation_cpi
KE,2003,,inflation_cpi
KE,2002,,inflation_cpi
KE,2001,,inflation_cpi
KE,2000,,inflation_cpi
LR,2024,8.21497439118963,inflation_cpi
LR,2023,10.0944535665552,inflation_cpi
LR,2022,7.59298486560314,inflation_cpi
LR,2021,7.8155938585865,inflation_cpi
LR,2020,16.9557241496254,inflation_cpi
LR,2019,26.9662760197878,inflation_cpi
LR,2018,23.5635148953742,inflation_cpi
LR,2017,12.4196323907138,inflation_cpi
LR,2016,8.83424868336489,inflation_cpi
LR,2015,7.74869687621319,inflation_cpi
LR,2014,9.86111285574906,inflation_cpi
LR,2013,7.57730681741402,inflation_cpi
LR,2012,6.83178703418543,inflation_cpi
LR,2011,8.48816751849402,inflation_cpi
LR,2010,7.28992796890218,inflation_cpi
LR,2009,7.42764305914919,inflation_cpi
LR,2008,17.489448642993,inflation_cpi
LR,2007,11.3918966807102,inflation_cpi
LR,2006,,inflation_cpi
LR,2005,,inflation_cpi
LR,2004,,inflation_cpi
LR,2003,,inflation_cpi
LR,2002,,inflation_cpi
LR,2001,,inflation_cpi
LR,2000,,inflation_cpi
LS,2024,6.10544624245031,inflation_cpi
LS,2023,6.3422174312495,inflation_cpi
LS,2022,8.27180389943026,inflation_cpi
LS,2021,6.04774591950677,inflation_cpi
LS,2020,4.97809676252311,inflation_cpi
LS,2019,5.18708359197979,inflation_cpi
LS,2018,4.75180301624745,inflation_cpi
LS,2017,4.44769937376297,inflation_cpi
LS,2016,6.59650490696546,inflation_cpi
LS,2015,3.2184451365593,inflation_cpi
LS,2014,5.3702896100859,inflation_cpi
LS,2013,4.86511899496378,inflation_cpi
LS,2012,6.05143662139971,inflation_cpi
LS,2011,5.03663052101558,inflation_cpi
LS,2010,-2.40524254598709,inflation_cpi
LS,2009,-16.8596910540644,inflation_cpi
LS,2008,10.7156661309681,inflation_cpi
LS,2007,8.01243669043408,inflation_cpi
LS,2006,6.07271879734297,inflation_cpi
LS,2005,,inflation_cpi
LS,2004,,inflation_cpi
LS,2003,,inflation_cpi
LS,2002,,inflation_cpi
LS,2001,,inflation_cpi
LS,2000,,inflation_cpi
MG,2024,,inflation_cpi
MG,2023,9.87432675044886,inflation_cpi
MG,2022,8.16059031991847,inflation_cpi
MG,2021,5.81225118787713,inflation_cpi
MG,2020,4.20179312190558,inflation_cpi
MG,2019,5.61051441492363,inflation_cpi
MG,2018,8.59422958870479,inflation_cpi
MG,2017,8.60905075422951,inflation_cpi
MG,2016,6.03575858154679,inflation_cpi
MG,2015,7.40419174202131,inflation_cpi
MG,2014,6.08040811088295,inflation_cpi
MG,2013,5.82642944451986,inflation_cpi
MG,2012,5.71384434191048,inflation_cpi
MG,2011,9.48254048582995,inflation_cpi
MG,2010,9.24732173644116,inflation_cpi
MG,2009,8.95421802392948,inflation_cpi
MG,2008,9.29650839381058,inflation_cpi
MG,2007,10.2879663187671,inflation_cpi
MG,2006,10.7656371554865,inflation_cpi
MG,2005,18.3638246468932,inflation_cpi
MG,2004,13.9558018033211,inflation_cpi
MG,2003,-1.70400479616297,inflation_cpi
MG,2002,16.4985255315846,inflation_cpi
MG,2001,7.91694484529588,inflation_cpi
MG,2000,,inflation_cpi
ML,2024,3.20639864099661,inflation_cpi
ML,2023,2.0588022827422,inflation_cpi
ML,2022,9.62147608489068,inflation_cpi
ML,2021,3.9256028310427,inflation_cpi
ML,2020,0.438088940320735,inflation_cpi
ML,2019,-1.65826694846365,inflation_cpi
ML,2018,0.299546507387863,inflation_cpi
ML,2017,1.75985742927157,inflation_cpi
ML,2016,-1.79964707083378,inflation_cpi
ML,2015,1.45069057605953,inflation_cpi
ML,2014,0.883814547137851,inflation_cpi
ML,2013,-0.606736356351496,inflation_cpi
ML,2012,5.32312847064055,inflation_cpi
ML,2011,2.9556439522939,inflation_cpi
ML,2010,,inflation_cpi
ML,2009,,inflation_cpi
ML,2008,,inflation_cpi
ML,2007,,inflation_cpi
ML,2006,,inflation_cpi
ML,2005,,inflation_cpi
ML,2004,,inflation_cpi
ML,2003,,inflation_cpi
ML,2002,,inflation_cpi
ML,2001,,inflation_cpi
ML,2000,,inflation_cpi
MZ,2024,4.07856834812022,inflation_cpi
MZ,2023,7.12697482131851,inflation_cpi
MZ,2022,10.2794018093421,inflation_cpi
MZ,2021,6.40847652975689,inflation_cpi
MZ,2020,3.48393567493207,inflation_cpi
MZ,2019,2.80270307928108,inflation_cpi
MZ,2018,3.91133439990731,inflation_cpi
MZ,2017,15.1132073899384,inflation_cpi
MZ,2016,17.4180418197597,inflation_cpi
MZ,2015,3.55075967356746,inflation_cpi
MZ,2014,2.55974875844295,inflation_cpi
MZ,2013,4.26135250941966,inflation_cpi
MZ,2012,2.6024545695662,inflation_cpi
MZ,2011,11.1666056127874,inflation_cpi
MZ,2010,12.4255421735156,inflation_cpi
MZ,2009,3.78861330914625,inflation_cpi
MZ,2008,14.5028053002268,inflation_cpi
MZ,2007,8.48948675497456,inflation_cpi
MZ,2006,13.2450879070999,inflation_cpi
MZ,2005,6.42755278070086,inflation_cpi
MZ,2004,,inflation_cpi
MZ,2003,,inflation_cpi
MZ,2002,,inflation_cpi
MZ,2001,,inflation_cpi
MZ,2000,,inflation_cpi
MR,2024,2.49164347481971,inflation_cpi
MR,2023,4.95305034506869,inflation_cpi
MR,2022,9.52526628622842,inflation_cpi
MR,2021,3.5651648465019,inflation_cpi
MR,2020,2.38569488456317,inflation_cpi
MR,2019,2.30009262117939,inflation_cpi
MR,2018,3.06735996058356,inflation_cpi
MR,2017,2.2542765193481,inflation_cpi
MR,2016,1.4717104565,inflation_cpi
MR,2015,3.25472688117632,inflation_cpi
MR,2014,3.53436856147326,inflation_cpi
MR,2013,4.12910173783396,inflation_cpi
MR,2012,4.90242727217992,inflation_cpi
MR,2011,5.68631959575957,inflation_cpi
MR,2010,,inflation_cpi
MR,2009,,inflation_cpi
MR,2008,,inflation_cpi
MR,2007,,inflation_cpi
MR,2006,,inflation_cpi
MR,2005,,inflation_cpi
MR,2004,,inflation_cpi
MR,2003,,inflation_cpi
MR,2002,,inflation_cpi
MR,2001,,inflation_cpi
MR,2000,,inflation_cpi
MU,2024,3.60452203847959,inflation_cpi
MU,2023,7.05298238454734,inflation_cpi
MU,2022,10.7737512242899,inflation_cpi
MU,2021,4.02852888157382,inflation_cpi
MU,2020,2.58080077182826,inflation_cpi
MU,2019,0.405655190309536,inflation_cpi
MU,2018,3.21605383144576,inflation_cpi
MU,2017,3.66699702675919,inflation_cpi
MU,2016,0.977675134719007,inflation_cpi
MU,2015,1.28654970760231,inflation_cpi
MU,2014,3.21769191994685,inflation_cpi
MU,2013,3.54329573934838,inflation_cpi
MU,2012,3.85216033315982,inflation_cpi
MU,2011,6.5224925486934,inflation_cpi
MU,2010,2.93236301369857,inflation_cpi
MU,2009,2.51609128145112,inflation_cpi
MU,2008,9.73228317146887,inflation_cpi
MU,2007,8.82729272393294,inflation_cpi
MU,2006,8.91350105650142,inflation_cpi
MU,2005,4.93717004981794,inflation_cpi
MU,2004,4.71037060105884,inflation_cpi
MU,2003,3.92105357558187,inflation_cpi
MU,2002,6.4193337222115,inflation_cpi
MU,2001,5.38934426229508,inflation_cpi
MU,2000,,inflation_cpi
MW,2024,32.1796504225026,inflation_cpi
MW,2023,28.7897428247298,inflation_cpi
MW,2022,20.953969729969,inflation_cpi
MW,2021,9.33014410835212,inflation_cpi
MW,2020,8.62551469650552,inflation_cpi
MW,2019,9.3708360560567,inflation_cpi
MW,2018,12.420178108921,inflation_cpi
MW,2017,11.5433939188771,inflation_cpi
MW,2016,21.7111132136499,inflation_cpi
MW,2015,21.8673475542553,inflation_cpi
MW,2014,23.7920649469687,inflation_cpi
MW,2013,27.2833333333333,inflation_cpi
MW,2012,21.271265001378,inflation_cpi
MW,2011,7.6228226284852,inflation_cpi
MW,2010,,inflation_cpi
MW,2009,,inflation_cpi
MW,2008,,inflation_cpi
MW,2007,,inflation_cpi
MW,2006,,inflation_cpi
MW,2005,,inflation_cpi
MW,2004,,inflation_cpi
MW,2003,,inflation_cpi
MW,2002,,inflation_cpi
MW,2001,,inflation_cpi
MW,2000,,inflation_cpi
NA,2024,4.23903922877039,inflation_cpi
NA,2023,5.87993463284272,inflation_cpi
NA,2022,6.08128114112416,inflation_cpi
NA,2021,3.61690530108811,inflation_cpi
NA,2020,2.20938236933471,inflation_cpi
NA,2019,3.72239414422697,inflation_cpi
NA,2018,4.2915910533787,inflation_cpi
NA,2017,6.14579981111163,inflation_cpi
NA,2016,6.72858234593342,inflation_cpi
NA,2015,3.39401538410559,inflation_cpi
NA,2014,5.35016966859598,inflation_cpi
NA,2013,5.60092502290405,inflation_cpi
NA,2012,6.72199777334885,inflation_cpi
NA,2011,5.00559518081197,inflation_cpi
NA,2010,4.87491987643953,inflation_cpi
NA,2009,9.45172651521704,inflation_cpi
NA,2008,9.09464307192809,inflation_cpi
NA,2007,6.54788141101718,inflation_cpi
NA,2006,4.96116689298915,inflation_cpi
NA,2005,,inflation_cpi
NA,2004,,inflation_cpi
NA,2003,,inflation_cpi
NA,2002,,inflation_cpi
NA,2001,,inflation_cpi
NA,2000,,inflation_cpi
NE,2024,9.07151997725012,inflation_cpi
NE,2023,3.70097316425831,inflation_cpi
NE,2022,4.22621791916397,inflation_cpi
NE,2021,3.83786802840501,inflation_cpi
NE,2020,2.89819376026277,inflation_cpi
NE,2019,-2.48979265070854,inflation_cpi
NE,2018,2.9676036600445,inflation_cpi
NE,2017,2.79637318871282,inflation_cpi
NE,2016,1.65388922387806,inflation_cpi
NE,2015,-0.576090369833122,inflation_cpi
NE,2014,-0.930287259984459,inflation_cpi
NE,2013,2.29723114955315,inflation_cpi
NE,2012,0.455089820359304,inflation_cpi
NE,2011,2.94238514013314,inflation_cpi
NE,2010,,inflation_cpi
NE,2009,,inflation_cpi
NE,2008,,inflation_cpi
NE,2007,,inflation_cpi
NE,2006,,inflation_cpi
NE,2005,,inflation_cpi
NE,2004,,inflation_cpi
NE,2003,,inflation_cpi
NE,2002,,inflation_cpi
NE,2001,,inflation_cpi
NE,2000,,inflation_cpi
NG,2024,33.2420966545405,inflation_cpi
NG,2023,24.6595502031139,inflation_cpi
NG,2022,18.8471877843274,inflation_cpi
NG,2021,16.9528457221608,inflation_cpi
NG,2020,13.2460234276598,inflation_cpi
NG,2019,11.3964223378115,inflation_cpi
NG,2018,12.0951065173432,inflation_cpi
NG,2017,16.5022662139641,inflation_cpi
NG,2016,15.6968126387972,inflation_cpi
NG,2015,9.00943498007703,inflation_cpi
NG,2014,8.04741087967908,inflation_cpi
NG,2013,8.49551838265672,inflation_cpi
NG,2012,12.2242413020584,inflation_cpi
NG,2011,10.8261371880017,inflation_cpi
NG,2010,13.7400521363694,inflation_cpi
NG,2009,12.5378277304689,inflation_cpi
NG,2008,11.5810751748252,inflation_cpi
NG,2007,5.38800796858628,inflation_cpi
NG,2006,8.22522152017049,inflation_cpi
NG,2005,,inflation_cpi
NG,2004,,inflation_cpi
NG,2003,,inflation_cpi
NG,2002,,inflation_cpi
NG,2001,,inflation_cpi
NG,2000,,inflation_cpi
RW,2024,1.77029240198634,inflation_cpi
RW,2023,19.789546746467,inflation_cpi
RW,2022,17.6892095588153,inflation_cpi
RW,2021,-0.391346748300811,inflation_cpi
RW,2020,9.85039902274208,inflation_cpi
RW,2019,3.34787655037643,inflation_cpi
RW,2018,-0.311210160390699,inflation_cpi
RW,2017,8.27953672260832,inflation_cpi
RW,2016,7.17434301982013,inflation_cpi
RW,2015,2.52850284192419,inflation_cpi
RW,2014,2.35449052820362,inflation_cpi
RW,2013,5.92426867984847,inflation_cpi
RW,2012,10.2710182318876,inflation_cpi
RW,2011,3.08017069240263,inflation_cpi
RW,2010,-0.246128693436924,inflation_cpi
RW,2009,12.9443978401711,inflation_cpi
RW,2008,15.4382138709255,inflation_cpi
RW,2007,9.08072205873159,inflation_cpi
RW,2006,8.88282654777923,inflation_cpi
RW,2005,9.01408918092339,inflation_cpi
RW,2004,,inflation_cpi
RW,2003,,inflation_cpi
RW,2002,,inflation_cpi
RW,2001,,inflation_cpi
RW,2000,,inflation_cpi
SD,2024,,inflation_cpi
SD,2023,,inflation_cpi
SD,2022,138.808460241759,inflation_cpi
SD,2021,359.093040779,inflation_cpi
SD,2020,163.257782355457,inflation_cpi
SD,2019,50.9940515002971,inflation_cpi
SD,2018,63.2925073455883,inflation_cpi
SD,2017,32.3516260968437,inflation_cpi
SD,2016,17.7502538311959,inflation_cpi
SD,2015,16.9095706050979,inflation_cpi
SD,2014,36.9066427863594,inflation_cpi
SD,2013,36.5223449139153,inflation_cpi
SD,2012,35.5590574147027,inflation_cpi
SD,2011,18.0966171221351,inflation_cpi
SD,2010,12.9776663898014,inflation_cpi
SD,2009,11.2567587063008,inflation_cpi
SD,2008,14.2971224481435,inflation_cpi
SD,2007,14.7542770780085,inflation_cpi
SD,2006,7.1991299011471,inflation_cpi
SD,2005,8.50585075933106,inflation_cpi
SD,2004,9.65754628605947,inflation_cpi
SD,2003,6.48943208673347,inflation_cpi
SD,2002,22.2247241495905,inflation_cpi
SD,2001,1.93529572095322,inflation_cpi
SD,2000,7.12125897172302,inflation_cpi
SN,2024,0.804503298792415,inflation_cpi
SN,2023,5.93947798773216,inflation_cpi
SN,2022,9.69681899081074,inflation_cpi
SN,2021,2.18032278088143,inflation_cpi
SN,2020,2.5431468568166,inflation_cpi
SN,2019,1.7601115119294,inflation_cpi
SN,2018,0.460985642464248,inflation_cpi
SN,2017,1.31815314847783,inflation_cpi
SN,2016,0.837284942557429,inflation_cpi
SN,2015,0.13521193363519,inflation_cpi
SN,2014,-1.09025507446892,inflation_cpi
SN,2013,0.710245486695197,inflation_cpi
SN,2012,1.41822871177852,inflation_cpi
SN,2011,3.40322829786969,inflation_cpi
SN,2010,1.22868119673345,inflation_cpi
SN,2009,-2.24802147855343,inflation_cpi
SN,2008,7.3472023657841,inflation_cpi
SN,2007,5.85330428467681,inflation_cpi
SN,2006,2.11228583877117,inflation_cpi
SN,2005,1.71133325855502,inflation_cpi
SN,2004,0.514781781023022,inflation_cpi
SN,2003,-0.0519970242714473,inflation_cpi
SN,2002,2.33730187454299,inflation_cpi
SN,2001,2.97450083919567,inflation_cpi
SN,2000,,inflation_cpi
SL,2024,28.6337500014115,inflation_cpi
SL,2023,47.6428733253179,inflation_cpi
SL,2022,27.2082883814653,inflation_cpi
SL,2021,11.8739588840234,inflation_cpi
SL,2020,13.4468711101052,inflation_cpi
SL,2019,14.8049990906021,inflation_cpi
SL,2018,16.0295447693698,inflation_cpi
SL,2017,18.2215094003386,inflation_cpi
SL,2016,10.8860609413904,inflation_cpi
SL,2015,6.68943562498678,inflation_cpi
SL,2014,4.63931171409662,inflation_cpi
SL,2013,5.52412877994273,inflation_cpi
SL,2012,6.58776239392586,inflation_cpi
SL,2011,6.79138291952617,inflation_cpi
SL,2010,7.18566275668162,inflation_cpi
SL,2009,7.46901898540983,inflation_cpi
SL,2008,8.21112432289608,inflation_cpi
SL,2007,,inflation_cpi
SL,2006,,inflation_cpi
SL,2005,,inflation_cpi
SL,2004,,inflation_cpi
SL,2003,,inflation_cpi
SL,2002,,inflation_cpi
SL,2001,,inflation_cpi
SL,2000,,inflation_cpi
SO,2024,,inflation_cpi
SO,2023,,inflation_cpi
SO,2022,,inflation_cpi
SO,2021,,inflation_cpi
SO,2020,,inflation_cpi
SO,2019,,inflation_cpi
SO,2018,,inflation_cpi
SO,2017,,inflation_cpi
SO,2016,,inflation_cpi
SO,2015,,inflation_cpi
SO,2014,,inflation_cpi
SO,2013,,inflation_cpi
SO,2012,,inflation_cpi
SO,2011,,inflation_cpi
SO,2010,,inflation_cpi
SO,2009,,inflation_cpi
SO,2008,,inflation_cpi
SO,2007,,inflation_cpi
SO,2006,,inflation_cpi
SO,2005,,inflation_cpi
SO,2004,,inflation_cpi
SO,2003,,inflation_cpi
SO,2002,,inflation_cpi
SO,2001,,inflation_cpi
SO,2000,,inflation_cpi
SS,2024,91.4408220769045,inflation_cpi
SS,2023,2.38280434813755,inflation_cpi
SS,2022,-6.68732094212666,inflation_cpi
SS,2021,10.5167158294359,inflation_cpi
SS,2020,29.6758435538571,inflation_cpi
SS,2019,87.2413641500032,inflation_cpi
SS,2018,83.5015294922,inflation_cpi
SS,2017,187.851630279442,inflation_cpi
SS,2016,379.999585624026,inflation_cpi
SS,2015,52.7663304192143,inflation_cpi
SS,2014,1.67429906295521,inflation_cpi
SS,2013,-0.0580909784225861,inflation_cpi
SS,2012,45.5258978371706,inflation_cpi
SS,2011,46.8521757193597,inflation_cpi
SS,2010,1.16962180301109,inflation_cpi
SS,2009,5.00627361534046,inflation_cpi
SS,2008,,inflation_cpi
SS,2007,,inflation_cpi
SS,2006,,inflation_cpi
SS,2005,,inflation_cpi
SS,2004,,inflation_cpi
SS,2003,,inflation_cpi
SS,2002,,inflation_cpi
SS,2001,,inflation_cpi
SS,2000,,inflation_cpi
ST,2024,14.3519273571008,inflation_cpi
ST,2023,21.2589138473,inflation_cpi
ST,2022,18.0056351122841,inflation_cpi
ST,2021,8.13777038378729,inflation_cpi
ST,2020,9.81932791540148,inflation_cpi
ST,2019,7.72024525213249,inflation_cpi
ST,2018,7.86859628873909,inflation_cpi
ST,2017,5.69029619929019,inflation_cpi
ST,2016,5.43051966119157,inflation_cpi
ST,2015,5.24587835022454,inflation_cpi
ST,2014,6.9984994396642,inflation_cpi
ST,2013,8.10583270875473,inflation_cpi
ST,2012,10.6379353431628,inflation_cpi
ST,2011,14.3271667616801,inflation_cpi
ST,2010,,inflation_cpi
ST,2009,,inflation_cpi
ST,2008,,inflation_cpi
ST,2007,,inflation_cpi
ST,2006,,inflation_cpi
ST,2005,,inflation_cpi
ST,2004,,inflation_cpi
ST,2003,,inflation_cpi
ST,2002,,inflation_cpi
ST,2001,,inflation_cpi
ST,2000,,inflation_cpi
SZ,2024,,inflation_cpi
SZ,2023,,inflation_cpi
SZ,2022,,inflation_cpi
SZ,2021,,inflation_cpi
SZ,2020,,inflation_cpi
SZ,2019,2.59801620311074,inflation_cpi
SZ,2018,4.81506167461506,inflation_cpi
SZ,2017,6.22137528933116,inflation_cpi
SZ,2016,7.84727459085682,inflation_cpi
SZ,2015,4.95124493704916,inflation_cpi
SZ,2014,5.68134885776449,inflation_cpi
SZ,2013,5.6213062346895,inflation_cpi
SZ,2012,8.9396468278821,inflation_cpi
SZ,2011,6.10742714590245,inflation_cpi
SZ,2010,4.50923691774372,inflation_cpi
SZ,2009,7.44823423445757,inflation_cpi
SZ,2008,12.6574601863917,inflation_cpi
SZ,2007,8.0760882786158,inflation_cpi
SZ,2006,,inflation_cpi
SZ,2005,,inflation_cpi
SZ,2004,,inflation_cpi
SZ,2003,,inflation_cpi
SZ,2002,,inflation_cpi
SZ,2001,,inflation_cpi
SZ,2000,,inflation_cpi
SC,2024,0.311726050919631,inflation_cpi
SC,2023,-1.03530088431951,inflation_cpi
SC,2022,2.62603632851287,inflation_cpi
SC,2021,9.76909936973547,inflation_cpi
SC,2020,1.20266463987124,inflation_cpi
SC,2019,1.80709400809983,inflation_cpi
SC,2018,3.70291839111562,inflation_cpi
SC,2017,2.85679575568443,inflation_cpi
SC,2016,-1.01548191697632,inflation_cpi
SC,2015,4.0419441072562,inflation_cpi
SC,2014,1.3858345458126,inflation_cpi
SC,2013,4.33893848329103,inflation_cpi
SC,2012,7.11037062326405,inflation_cpi
SC,2011,2.55926772230949,inflation_cpi
SC,2010,-2.40463875108223,inflation_cpi
SC,2009,31.7544407744178,inflation_cpi
SC,2008,36.9647582875289,inflation_cpi
SC,2007,,inflation_cpi
SC,2006,,inflation_cpi
SC,2005,,inflation_cpi
SC,2004,,inflation_cpi
SC,2003,,inflation_cpi
SC,2002,,inflation_cpi
SC,2001,,inflation_cpi
SC,2000,,inflation_cpi
TD,2024,8.89950732263755,inflation_cpi
TD,2023,10.8363568399842,inflation_cpi
TD,2022,5.78802687843618,inflation_cpi
TD,2021,-0.772844370359154,inflation_cpi
TD,2020,4.46414437232861,inflation_cpi
TD,2019,-0.971939175419342,inflation_cpi
TD,2018,4.27462198610548,inflation_cpi
TD,2017,-1.5370996298085,inflation_cpi
TD,2016,-0.792440525236024,inflation_cpi
TD,2015,4.37712665065658,inflation_cpi
TD,2014,1.68197313925665,inflation_cpi
TD,2013,0.222671564624585,inflation_cpi
TD,2012,7.51662364663832,inflation_cpi
TD,2011,2.02924053678259,inflation_cpi
TD,2010,,inflation_cpi
TD,2009,,inflation_cpi
TD,2008,,inflation_cpi
TD,2007,,inflation_cpi
TD,2006,,inflation_cpi
TD,2005,,inflation_cpi
TD,2004,,inflation_cpi
TD,2003,,inflation_cpi
TD,2002,,inflation_cpi
TD,2001,,inflation_cpi
TD,2000,,inflation_cpi
TG,2024,2.862620740898,inflation_cpi
TG,2023,5.48928568141135,inflation_cpi
TG,2022,7.96757361617943,inflation_cpi
TG,2021,4.18621506523519,inflation_cpi
TG,2020,1.69928463299407,inflation_cpi
TG,2019,0.674652770077458,inflation_cpi
TG,2018,0.92775542645718,inflation_cpi
TG,2017,-0.981889868943067,inflation_cpi
TG,2016,1.28544847051411,inflation_cpi
TG,2015,2.58500390801596,inflation_cpi
TG,2014,0.190875076249796,inflation_cpi
TG,2013,1.82539475909158,inflation_cpi
TG,2012,2.57718174055851,inflation_cpi
TG,2011,3.56351472903955,inflation_cpi
TG,2010,1.44594517430866,inflation_cpi
TG,2009,3.71360592035808,inflation_cpi
TG,2008,8.69482814363902,inflation_cpi
TG,2007,0.945673271705219,inflation_cpi
TG,2006,2.22897779414027,inflation_cpi
TG,2005,6.78292893028314,inflation_cpi
TG,2004,0.393078681031663,inflation_cpi
TG,2003,-0.930000884072213,inflation_cpi
TG,2002,3.05981857535883,inflation_cpi
TG,2001,3.91959133653147,inflation_cpi
TG,2000,1.86260595463068,inflation_cpi
TZ,2024,3.05694676312369,inflation_cpi
TZ,2023,3.7992329138492,inflation_cpi
TZ,2022,4.35027204269098,inflation_cpi
TZ,2021,3.69091958802198,inflation_cpi
TZ,2020,3.29029062798325,inflation_cpi
TZ,2019,3.46428057999023,inflation_cpi
TZ,2018,3.49445848856184,inflation_cpi
TZ,2017,5.31871605228926,inflation_cpi
TZ,2016,5.17476629301494,inflation_cpi
TZ,2015,5.58816952959303,inflation_cpi
TZ,2014,6.13161432988011,inflation_cpi
TZ,2013,7.87072364573955,inflation_cpi
TZ,2012,16.0010938506338,inflation_cpi
TZ,2011,12.6909694699163,inflation_cpi
TZ,2010,,inflation_cpi
TZ,2009,,inflation_cpi
TZ,2008,,inflation_cpi
TZ,2007,,inflation_cpi
TZ,2006,,inflation_cpi
TZ,2005,,inflation_cpi
TZ,2004,,inflation_cpi
TZ,2003,,inflation_cpi
TZ,2002,,inflation_cpi
TZ,2001,,inflation_cpi
TZ,2000,,inflation_cpi
UG,2024,3.32338067086562,inflation_cpi
UG,2023,5.35094804280395,inflation_cpi
UG,2022,7.19578885975811,inflation_cpi
UG,2021,2.20457204757409,inflation_cpi
UG,2020,3.31332289544504,inflation_cpi
UG,2019,2.86758803446903,inflation_cpi
UG,2018,2.61601190952271,inflation_cpi
UG,2017,5.20971705914208,inflation_cpi
UG,2016,5.70637504616216,inflation_cpi
UG,2015,5.58968606251723,inflation_cpi
UG,2014,3.07570668958643,inflation_cpi
UG,2013,4.90520875694553,inflation_cpi
UG,2012,12.6790377224659,inflation_cpi
UG,2011,16.5643496174515,inflation_cpi
UG,2010,,inflation_cpi
UG,2009,,inflation_cpi
UG,2008,,inflation_cpi
UG,2007,,inflation_cpi
UG,2006,,inflation_cpi
UG,2005,,inflation_cpi
UG,2004,,inflation_cpi
UG,2003,,inflation_cpi
UG,2002,,inflation_cpi
UG,2001,,inflation_cpi
UG,2000,,inflation_cpi
ZA,2024,4.36115246518963,inflation_cpi
ZA,2023,6.07524384579656,inflation_cpi
ZA,2022,7.03987272546481,inflation_cpi
ZA,2021,4.61874544887136,inflation_cpi
ZA,2020,3.23238831615119,inflation_cpi
ZA,2019,4.1028507546115,inflation_cpi
ZA,2018,4.50987264867393,inflation_cpi
ZA,2017,5.18618655524146,inflation_cpi
ZA,2016,6.60290842394869,inflation_cpi
ZA,2015,4.5186909489251,inflation_cpi
ZA,2014,6.13282953059149,inflation_cpi
ZA,2013,5.78016910069177,inflation_cpi
ZA,2012,5.73797139141737,inflation_cpi
ZA,2011,5.00085338795019,inflation_cpi
ZA,2010,4.06749555950264,inflation_cpi
ZA,2009,7.23809523809527,inflation_cpi
ZA,2008,9.90998456005467,inflation_cpi
ZA,2007,6.17781214809388,inflation_cpi
ZA,2006,3.24390765419229,inflation_cpi
ZA,2005,2.06285308223427,inflation_cpi
ZA,2004,-0.692039437857689,inflation_cpi
ZA,2003,5.679424140688,inflation_cpi
ZA,2002,9.494713780996,inflation_cpi
ZA,2001,5.70189483049609,inflation_cpi
ZA,2000,5.33895913599827,inflation_cpi
ZM,2024,14.9856262747939,inflation_cpi
ZM,2023,10.884531691282,inflation_cpi
ZM,2022,10.9932039209136,inflation_cpi
ZM,2021,22.0207676245776,inflation_cpi
ZM,2020,15.7330604721369,inflation_cpi
ZM,2019,9.15031644316299,inflation_cpi
ZM,2018,7.49457192728517,inflation_cpi
ZM,2017,6.57731154205644,inflation_cpi
ZM,2016,17.8697300795268,inflation_cpi
ZM,2015,10.1105928909618,inflation_cpi
ZM,2014,7.80687553566327,inflation_cpi
ZM,2013,6.97767605490313,inflation_cpi
ZM,2012,6.575899707577,inflation_cpi
ZM,2011,6.42939681072337,inflation_cpi
ZM,2010,,inflation_cpi
ZM,2009,,inflation_cpi
ZM,2008,,inflation_cpi
ZM,2007,,inflation_cpi
ZM,2006,,inflation_cpi
ZM,2005,,inflation_cpi
ZM,2004,,inflation_cpi
ZM,2003,,inflation_cpi
ZM,2002,,inflation_cpi
ZM,2001,,inflation_cpi
ZM,2000,,inflation_cpi
ZW,2024,,inflation_cpi
ZW,2023,,inflation_cpi
ZW,2022,104.705170628667,inflation_cpi
ZW,2021,98.5461050920623,inflation_cpi
ZW,2020,557.201817362051,inflation_cpi
ZW,2019,255.304990757856,inflation_cpi
ZW,2018,10.6188658669575,inflation_cpi
ZW,2017,0.893962316050075,inflation_cpi
ZW,2016,-1.54366960054167,inflation_cpi
ZW,2015,-2.43096842383403,inflation_cpi
ZW,2014,-0.197784810126641,inflation_cpi
ZW,2013,1.63495041543827,inflation_cpi
ZW,2012,3.72532666110645,inflation_cpi
ZW,2011,3.4661297281749,inflation_cpi
ZW,2010,3.02267002518891,inflation_cpi
ZW,2009,,inflation_cpi
ZW,2008,,inflation_cpi
ZW,2007,,inflation_cpi
ZW,2006,,inflation_cpi
ZW,2005,,inflation_cpi
ZW,2004,,inflation_cpi
ZW,2003,,inflation_cpi
ZW,2002,,inflation_cpi
ZW,2001,,inflation_cpi
ZW,2000,,inflation_cpi
